{
  "ridge": {
    "mae": 0.015448373278547032,
    "rmse": 0.018207133863318927
  },
  "lasso": {
    "mae": 0.06927419699450674,
    "rmse": 0.0852845717652089
  },
  "lightgbm": {
    "mae": 0.0937167546543521,
    "rmse": 0.11892584372681007
  },
  "xgboost": {
    "mae": 0.0871114786460054,
    "rmse": 0.12276794730784081
  },
  "catboost": {
    "mae": 0.09699438665185788,
    "rmse": 0.1254758400789285
  },
  "ensemble": {
    "mae": 0.06766292771336307,
    "rmse": 0.08778068293710362
  }
}